segment_code,segment_name,family_code,family_name,class_code,class_name,commodity_code,commodity_name
44,Office Equipment and Accessories and Supplies,4411,Office machines and their supplies and accessories,441112,Printers,44111201,Laser printers
44,Office Equipment and Accessories and Supplies,4411,Office machines and their supplies and accessories,441112,Printers,44111202,Inkjet printers
44,Office Equipment and Accessories and Supplies,4411,Office machines and their supplies and accessories,441112,Printers,44111203,Multifunction printers
44,Office Equipment and Accessories and Supplies,4411,Office machines and their supplies and accessories,441112,Printers,44111204,Label printers
44,Office Equipment and Accessories and Supplies,4411,Office machines and their supplies and accessories,441113,Copying machines,44111301,Digital photocopiers
44,Office Equipment and Accessories and Supplies,4411,Office machines and their supplies and accessories,441113,Copying machines,44111302,Analogue copiers
44,Office Equipment and Accessories and Supplies,4411,Office machines and their supplies and accessories,441113,Copying machines,44111303,Wide format copiers
44,Office Equipment and Accessories and Supplies,4411,Office machines and their supplies and accessories,441115,Projectors,44111501,Data projectors
44,Office Equipment and Accessories and Supplies,4411,Office machines and their supplies and accessories,441115,Projectors,44111502,Overhead projectors
44,Office Equipment and Accessories and Supplies,4411,Office machines and their supplies and accessories,441115,Projectors,44111503,Short throw projectors
44,Office Equipment and Accessories and Supplies,4411,Office machines and their supplies and accessories,441120,Shredders,44112001,Cross cut shredders
44,Office Equipment and Accessories and Supplies,4411,Office machines and their supplies and accessories,441120,Shredders,44112002,Strip cut shredders
44,Office Equipment and Accessories and Supplies,4411,Office machines and their supplies and accessories,441120,Shredders,44112003,Micro cut shredders
44,Office Equipment and Accessories and Supplies,4412,Office supplies,441213,Paper products,44121301,A4 copy paper
44,Office Equipment and Accessories and Supplies,4412,Office supplies,441213,Paper products,44121302,A3 copy paper
44,Office Equipment and Accessories and Supplies,4412,Office supplies,441213,Paper products,44121303,Letterhead paper
44,Office Equipment and Accessories and Supplies,4412,Office supplies,441213,Paper products,44121304,Envelopes
44,Office Equipment and Accessories and Supplies,4412,Office supplies,441213,Paper products,44121305,Notepads
44,Office Equipment and Accessories and Supplies,4412,Office supplies,441215,Ink and toner and related supplies,44121501,Laser toner cartridges
44,Office Equipment and Accessories and Supplies,4412,Office supplies,441215,Ink and toner and related supplies,44121502,Inkjet cartridges
44,Office Equipment and Accessories and Supplies,4412,Office supplies,441215,Ink and toner and related supplies,44121503,Printer ribbons
44,Office Equipment and Accessories and Supplies,4412,Office supplies,441215,Ink and toner and related supplies,44121504,Drum units
44,Office Equipment and Accessories and Supplies,4412,Office supplies,441214,Writing instruments,44121401,Ballpoint pens
44,Office Equipment and Accessories and Supplies,4412,Office supplies,441214,Writing instruments,44121402,Permanent markers
44,Office Equipment and Accessories and Supplies,4412,Office supplies,441214,Writing instruments,44121403,Highlighters
44,Office Equipment and Accessories and Supplies,4412,Office supplies,441214,Writing instruments,44121404,Correction fluid
44,Office Equipment and Accessories and Supplies,4413,Filing products,441317,Binders and binding supplies,44131701,Ring binders
44,Office Equipment and Accessories and Supplies,4413,Filing products,441317,Binders and binding supplies,44131702,Lever arch files
44,Office Equipment and Accessories and Supplies,4413,Filing products,441317,Binders and binding supplies,44131703,Binding covers
44,Office Equipment and Accessories and Supplies,4413,Filing products,441317,Binders and binding supplies,44131704,Index dividers
44,Office Equipment and Accessories and Supplies,4413,Filing products,441316,Filing folders and labels,44131601,Manila folders
44,Office Equipment and Accessories and Supplies,4413,Filing products,441316,Filing folders and labels,44131602,Hanging files
44,Office Equipment and Accessories and Supplies,4413,Filing products,441316,Filing folders and labels,44131603,Document wallets
44,Office Equipment and Accessories and Supplies,4413,Filing products,441316,Filing folders and labels,44131604,File labels
43,Information Technology Broadcasting and Telecommunications,4315,Data Voice or Multimedia Network Equipment or Platforms,431521,Network switches,43152101,Managed ethernet switches
43,Information Technology Broadcasting and Telecommunications,4315,Data Voice or Multimedia Network Equipment or Platforms,431521,Network switches,43152102,Unmanaged switches
43,Information Technology Broadcasting and Telecommunications,4315,Data Voice or Multimedia Network Equipment or Platforms,431521,Network switches,43152103,PoE switches
43,Information Technology Broadcasting and Telecommunications,4315,Data Voice or Multimedia Network Equipment or Platforms,431521,Network switches,43152104,Core switches
43,Information Technology Broadcasting and Telecommunications,4315,Data Voice or Multimedia Network Equipment or Platforms,431522,Routers,43152201,Enterprise routers
43,Information Technology Broadcasting and Telecommunications,4315,Data Voice or Multimedia Network Equipment or Platforms,431522,Routers,43152202,SOHO routers
43,Information Technology Broadcasting and Telecommunications,4315,Data Voice or Multimedia Network Equipment or Platforms,431522,Routers,43152203,Core routers
43,Information Technology Broadcasting and Telecommunications,4315,Data Voice or Multimedia Network Equipment or Platforms,431522,Routers,43152204,Edge routers
43,Information Technology Broadcasting and Telecommunications,4315,Data Voice or Multimedia Network Equipment or Platforms,431523,Wireless access points,43152301,Indoor access points
43,Information Technology Broadcasting and Telecommunications,4315,Data Voice or Multimedia Network Equipment or Platforms,431523,Wireless access points,43152302,Outdoor access points
43,Information Technology Broadcasting and Telecommunications,4315,Data Voice or Multimedia Network Equipment or Platforms,431523,Wireless access points,43152303,Mesh access points
43,Information Technology Broadcasting and Telecommunications,4321,Computer Equipment and Accessories,432101,Desktop computers,43210101,Standard desktop PCs
43,Information Technology Broadcasting and Telecommunications,4321,Computer Equipment and Accessories,432101,Desktop computers,43210102,All-in-one desktops
43,Information Technology Broadcasting and Telecommunications,4321,Computer Equipment and Accessories,432101,Desktop computers,43210103,Workstation desktops
43,Information Technology Broadcasting and Telecommunications,4321,Computer Equipment and Accessories,432101,Desktop computers,43210104,Mini PCs
43,Information Technology Broadcasting and Telecommunications,4321,Computer Equipment and Accessories,432102,Laptop computers,43210201,Business laptops
43,Information Technology Broadcasting and Telecommunications,4321,Computer Equipment and Accessories,432102,Laptop computers,43210202,Gaming laptops
43,Information Technology Broadcasting and Telecommunications,4321,Computer Equipment and Accessories,432102,Laptop computers,43210203,Ultrabooks
43,Information Technology Broadcasting and Telecommunications,4321,Computer Equipment and Accessories,432102,Laptop computers,43210204,2-in-1 laptops
43,Information Technology Broadcasting and Telecommunications,4321,Computer Equipment and Accessories,432103,Computer monitors,43210301,LCD monitors
43,Information Technology Broadcasting and Telecommunications,4321,Computer Equipment and Accessories,432103,Computer monitors,43210302,Curved monitors
43,Information Technology Broadcasting and Telecommunications,4321,Computer Equipment and Accessories,432103,Computer monitors,43210303,4K monitors
43,Information Technology Broadcasting and Telecommunications,4321,Computer Equipment and Accessories,432103,Computer monitors,43210304,Ultrawide monitors
43,Information Technology Broadcasting and Telecommunications,4321,Computer Equipment and Accessories,432106,Computer storage devices,43210601,Solid state drives
43,Information Technology Broadcasting and Telecommunications,4321,Computer Equipment and Accessories,432106,Computer storage devices,43210602,Hard disk drives
43,Information Technology Broadcasting and Telecommunications,4321,Computer Equipment and Accessories,432106,Computer storage devices,43210603,USB flash drives
43,Information Technology Broadcasting and Telecommunications,4321,Computer Equipment and Accessories,432106,Computer storage devices,43210604,External drives
43,Information Technology Broadcasting and Telecommunications,4323,Software,432301,Business function software,43230101,ERP software
43,Information Technology Broadcasting and Telecommunications,4323,Software,432301,Business function software,43230102,CRM software
43,Information Technology Broadcasting and Telecommunications,4323,Software,432301,Business function software,43230103,Accounting software
43,Information Technology Broadcasting and Telecommunications,4323,Software,432301,Business function software,43230104,HR management software
43,Information Technology Broadcasting and Telecommunications,4323,Software,432302,Security software,43230201,Antivirus software
43,Information Technology Broadcasting and Telecommunications,4323,Software,432302,Security software,43230202,Firewall software
43,Information Technology Broadcasting and Telecommunications,4323,Software,432302,Security software,43230203,Endpoint protection
43,Information Technology Broadcasting and Telecommunications,4323,Software,432302,Security software,43230204,Identity management
43,Information Technology Broadcasting and Telecommunications,4316,Telecommunications equipment,431601,Telephone equipment,43160101,IP desk phones
43,Information Technology Broadcasting and Telecommunications,4316,Telecommunications equipment,431601,Telephone equipment,43160102,Conference phones
43,Information Technology Broadcasting and Telecommunications,4316,Telecommunications equipment,431601,Telephone equipment,43160103,Headsets
43,Information Technology Broadcasting and Telecommunications,4316,Telecommunications equipment,431601,Telephone equipment,43160104,VoIP handsets
43,Information Technology Broadcasting and Telecommunications,4316,Telecommunications equipment,431602,Mobile devices,43160201,Smartphones
43,Information Technology Broadcasting and Telecommunications,4316,Telecommunications equipment,431602,Mobile devices,43160202,Tablets
43,Information Technology Broadcasting and Telecommunications,4316,Telecommunications equipment,431602,Mobile devices,43160203,Mobile hotspots
43,Information Technology Broadcasting and Telecommunications,4316,Telecommunications equipment,431602,Mobile devices,43160204,Rugged devices
78,Transportation and Storage and Mail Services,7810,Mail and cargo transport,781010,Air freight services,78101001,International air freight
78,Transportation and Storage and Mail Services,7810,Mail and cargo transport,781010,Air freight services,78101002,Domestic air freight
78,Transportation and Storage and Mail Services,7810,Mail and cargo transport,781010,Air freight services,78101003,Express air courier
78,Transportation and Storage and Mail Services,7810,Mail and cargo transport,781010,Air freight services,78101004,Air charter services
78,Transportation and Storage and Mail Services,7810,Mail and cargo transport,781011,Ocean freight services,78101101,Full container load
78,Transportation and Storage and Mail Services,7810,Mail and cargo transport,781011,Ocean freight services,78101102,Less than container load
78,Transportation and Storage and Mail Services,7810,Mail and cargo transport,781011,Ocean freight services,78101103,Break bulk shipping
78,Transportation and Storage and Mail Services,7810,Mail and cargo transport,781011,Ocean freight services,78101104,Roll-on roll-off
78,Transportation and Storage and Mail Services,7810,Mail and cargo transport,781012,Road freight services,78101201,Full truck load
78,Transportation and Storage and Mail Services,7810,Mail and cargo transport,781012,Road freight services,78101202,Less than truck load
78,Transportation and Storage and Mail Services,7810,Mail and cargo transport,781012,Road freight services,78101203,Express road freight
78,Transportation and Storage and Mail Services,7810,Mail and cargo transport,781012,Road freight services,78101204,Refrigerated road freight
78,Transportation and Storage and Mail Services,7810,Mail and cargo transport,781013,Rail freight services,78101301,Intermodal rail freight
78,Transportation and Storage and Mail Services,7810,Mail and cargo transport,781013,Rail freight services,78101302,Bulk rail freight
78,Transportation and Storage and Mail Services,7810,Mail and cargo transport,781013,Rail freight services,78101303,Container rail freight
78,Transportation and Storage and Mail Services,7814,Passenger transport,781401,Air passenger transport,78140101,Domestic airfares
78,Transportation and Storage and Mail Services,7814,Passenger transport,781401,Air passenger transport,78140102,International airfares
78,Transportation and Storage and Mail Services,7814,Passenger transport,781401,Air passenger transport,78140103,Business class airfares
78,Transportation and Storage and Mail Services,7814,Passenger transport,781401,Air passenger transport,78140104,Charter flights
78,Transportation and Storage and Mail Services,7814,Passenger transport,781402,Ground passenger transport,78140201,Taxi services
78,Transportation and Storage and Mail Services,7814,Passenger transport,781402,Ground passenger transport,78140202,Ride share services
78,Transportation and Storage and Mail Services,7814,Passenger transport,781402,Ground passenger transport,78140203,Bus charter
78,Transportation and Storage and Mail Services,7814,Passenger transport,781402,Ground passenger transport,78140204,Limousine services
78,Transportation and Storage and Mail Services,7830,Storage,783001,Warehousing services,78300101,General warehousing
78,Transportation and Storage and Mail Services,7830,Storage,783001,Warehousing services,78300102,Temperature controlled storage
78,Transportation and Storage and Mail Services,7830,Storage,783001,Warehousing services,78300103,Bonded warehousing
78,Transportation and Storage and Mail Services,7830,Storage,783001,Warehousing services,78300104,Fulfilment services
80,Management and Business Professionals and Administrative Services,8010,Management advisory services,801012,Strategy consulting,80101201,Strategic planning
80,Management and Business Professionals and Administrative Services,8010,Management advisory services,801012,Strategy consulting,80101202,Market entry strategy
80,Management and Business Professionals and Administrative Services,8010,Management advisory services,801012,Strategy consulting,80101203,Organisational design
80,Management and Business Professionals and Administrative Services,8010,Management advisory services,801012,Strategy consulting,80101204,Change management
80,Management and Business Professionals and Administrative Services,8010,Management advisory services,801013,Financial consulting,80101301,Financial due diligence
80,Management and Business Professionals and Administrative Services,8010,Management advisory services,801013,Financial consulting,80101302,Valuations
80,Management and Business Professionals and Administrative Services,8010,Management advisory services,801013,Financial consulting,80101303,Transaction advisory
80,Management and Business Professionals and Administrative Services,8010,Management advisory services,801013,Financial consulting,80101304,Working capital optimisation
80,Management and Business Professionals and Administrative Services,8010,Management advisory services,801015,Human resources consulting,80101501,Talent management consulting
80,Management and Business Professionals and Administrative Services,8010,Management advisory services,801015,Human resources consulting,80101502,Remuneration benchmarking
80,Management and Business Professionals and Administrative Services,8010,Management advisory services,801015,Human resources consulting,80101503,Workforce planning
80,Management and Business Professionals and Administrative Services,8010,Management advisory services,801015,Human resources consulting,80101504,Leadership assessment
80,Management and Business Professionals and Administrative Services,8011,Legal services,801116,Corporate legal services,80111601,Contract drafting
80,Management and Business Professionals and Administrative Services,8011,Legal services,801116,Corporate legal services,80111602,M&A legal advice
80,Management and Business Professionals and Administrative Services,8011,Legal services,801116,Corporate legal services,80111603,Compliance advice
80,Management and Business Professionals and Administrative Services,8011,Legal services,801116,Corporate legal services,80111604,Intellectual property
80,Management and Business Professionals and Administrative Services,8013,Business administration services,801315,Accounting services,80131501,External audit
80,Management and Business Professionals and Administrative Services,8013,Business administration services,801315,Accounting services,80131502,Tax compliance
80,Management and Business Professionals and Administrative Services,8013,Business administration services,801315,Accounting services,80131503,Bookkeeping services
80,Management and Business Professionals and Administrative Services,8013,Business administration services,801315,Accounting services,80131504,Payroll processing
80,Management and Business Professionals and Administrative Services,8013,Business administration services,801316,Recruitment services,80131601,Permanent recruitment
80,Management and Business Professionals and Administrative Services,8013,Business administration services,801316,Recruitment services,80131602,Executive search
80,Management and Business Professionals and Administrative Services,8013,Business administration services,801316,Recruitment services,80131603,Contract staffing
80,Management and Business Professionals and Administrative Services,8013,Business administration services,801316,Recruitment services,80131604,Casual labour hire
81,Engineering and Research and Technology Based Services,8110,Engineering services,811011,Civil engineering,81101101,Structural engineering
81,Engineering and Research and Technology Based Services,8110,Engineering services,811011,Civil engineering,81101102,Geotechnical engineering
81,Engineering and Research and Technology Based Services,8110,Engineering services,811011,Civil engineering,81101103,Traffic engineering
81,Engineering and Research and Technology Based Services,8110,Engineering services,811011,Civil engineering,81101104,Hydraulic engineering
81,Engineering and Research and Technology Based Services,8110,Engineering services,811012,Mechanical engineering,81101201,Process engineering
81,Engineering and Research and Technology Based Services,8110,Engineering services,811012,Mechanical engineering,81101202,HVAC engineering
81,Engineering and Research and Technology Based Services,8110,Engineering services,811012,Mechanical engineering,81101203,Piping engineering
81,Engineering and Research and Technology Based Services,8110,Engineering services,811012,Mechanical engineering,81101204,Rotating equipment
81,Engineering and Research and Technology Based Services,8110,Engineering services,811013,Electrical engineering,81101301,Power systems design
81,Engineering and Research and Technology Based Services,8110,Engineering services,811013,Electrical engineering,81101302,Instrumentation design
81,Engineering and Research and Technology Based Services,8110,Engineering services,811013,Electrical engineering,81101303,High voltage engineering
81,Engineering and Research and Technology Based Services,8110,Engineering services,811013,Electrical engineering,81101304,Substation design
81,Engineering and Research and Technology Based Services,8111,Research and development,811111,Applied research,81111101,Laboratory research services
81,Engineering and Research and Technology Based Services,8111,Research and development,811111,Applied research,81111102,Pilot plant studies
81,Engineering and Research and Technology Based Services,8111,Research and development,811111,Applied research,81111103,Technology assessment
81,Engineering and Research and Technology Based Services,8111,Research and development,811111,Applied research,81111104,Feasibility studies
81,Engineering and Research and Technology Based Services,8111,Research and development,811112,Development services,81111201,Prototype development
81,Engineering and Research and Technology Based Services,8111,Research and development,811112,Development services,81111202,Product testing
81,Engineering and Research and Technology Based Services,8111,Research and development,811112,Development services,81111203,Clinical trials
81,Engineering and Research and Technology Based Services,8111,Research and development,811112,Development services,81111204,Product validation
81,Engineering and Research and Technology Based Services,8113,IT consulting,811315,Information technology consultation services,81131501,IT architecture consulting
81,Engineering and Research and Technology Based Services,8113,IT consulting,811315,Information technology consultation services,81131502,Cloud migration consulting
81,Engineering and Research and Technology Based Services,8113,IT consulting,811315,Information technology consultation services,81131503,Cybersecurity consulting
81,Engineering and Research and Technology Based Services,8113,IT consulting,811315,Information technology consultation services,81131504,Data analytics consulting
72,Building and Construction and Maintenance Services,7210,Construction services,721011,Commercial construction,72101101,Office fit-out
72,Building and Construction and Maintenance Services,7210,Construction services,721011,Commercial construction,72101102,Retail fit-out
72,Building and Construction and Maintenance Services,7210,Construction services,721011,Commercial construction,72101103,Industrial construction
72,Building and Construction and Maintenance Services,7210,Construction services,721011,Commercial construction,72101104,Healthcare construction
72,Building and Construction and Maintenance Services,7210,Construction services,721012,Civil construction,72101201,Road construction
72,Building and Construction and Maintenance Services,7210,Construction services,721012,Civil construction,72101202,Bridge construction
72,Building and Construction and Maintenance Services,7210,Construction services,721012,Civil construction,72101203,Pipeline construction
72,Building and Construction and Maintenance Services,7210,Construction services,721012,Civil construction,72101204,Earthworks
72,Building and Construction and Maintenance Services,7211,Building maintenance services,721112,Electrical maintenance,72111201,Electrical repairs
72,Building and Construction and Maintenance Services,7211,Building maintenance services,721112,Electrical maintenance,72111202,Lighting maintenance
72,Building and Construction and Maintenance Services,7211,Building maintenance services,721112,Electrical maintenance,72111203,Emergency generator maintenance
72,Building and Construction and Maintenance Services,7211,Building maintenance services,721112,Electrical maintenance,72111204,UPS maintenance
72,Building and Construction and Maintenance Services,7211,Building maintenance services,721113,HVAC maintenance,72111301,Air conditioning servicing
72,Building and Construction and Maintenance Services,7211,Building maintenance services,721113,HVAC maintenance,72111302,Chiller maintenance
72,Building and Construction and Maintenance Services,7211,Building maintenance services,721113,HVAC maintenance,72111303,Duct cleaning
72,Building and Construction and Maintenance Services,7211,Building maintenance services,721113,HVAC maintenance,72111304,BMS maintenance
72,Building and Construction and Maintenance Services,7211,Building maintenance services,721114,Plumbing services,72111401,Plumbing repairs
72,Building and Construction and Maintenance Services,7211,Building maintenance services,721114,Plumbing services,72111402,Hot water systems
72,Building and Construction and Maintenance Services,7211,Building maintenance services,721114,Plumbing services,72111403,Drainage services
72,Building and Construction and Maintenance Services,7211,Building maintenance services,721114,Plumbing services,72111404,Fire sprinkler testing
72,Building and Construction and Maintenance Services,7213,Landscaping and grounds maintenance,721310,Grounds maintenance,72131001,Lawn mowing services
72,Building and Construction and Maintenance Services,7213,Landscaping and grounds maintenance,721310,Grounds maintenance,72131002,Garden maintenance
72,Building and Construction and Maintenance Services,7213,Landscaping and grounds maintenance,721310,Grounds maintenance,72131003,Tree trimming
72,Building and Construction and Maintenance Services,7213,Landscaping and grounds maintenance,721310,Grounds maintenance,72131004,Irrigation maintenance
76,Industrial Cleaning Services,7605,Cleaning and janitorial services,760501,Commercial cleaning,76050101,Office cleaning
76,Industrial Cleaning Services,7605,Cleaning and janitorial services,760501,Commercial cleaning,76050102,Retail cleaning
76,Industrial Cleaning Services,7605,Cleaning and janitorial services,760501,Commercial cleaning,76050103,Industrial cleaning
76,Industrial Cleaning Services,7605,Cleaning and janitorial services,760501,Commercial cleaning,76050104,High pressure cleaning
76,Industrial Cleaning Services,7605,Cleaning and janitorial services,760502,Specialist cleaning,76050201,Carpet cleaning
76,Industrial Cleaning Services,7605,Cleaning and janitorial services,760502,Specialist cleaning,76050202,Window cleaning
76,Industrial Cleaning Services,7605,Cleaning and janitorial services,760502,Specialist cleaning,76050203,Graffiti removal
76,Industrial Cleaning Services,7605,Cleaning and janitorial services,760502,Specialist cleaning,76050204,Post construction cleaning
76,Industrial Cleaning Services,7606,Cleaning supplies and equipment,760601,Cleaning chemicals,76060101,General purpose cleaners
76,Industrial Cleaning Services,7606,Cleaning supplies and equipment,760601,Cleaning chemicals,76060102,Disinfectants
76,Industrial Cleaning Services,7606,Cleaning supplies and equipment,760601,Cleaning chemicals,76060103,Sanitisers
76,Industrial Cleaning Services,7606,Cleaning supplies and equipment,760601,Cleaning chemicals,76060104,Degreasers
76,Industrial Cleaning Services,7606,Cleaning supplies and equipment,760602,Cleaning equipment,76060201,Vacuum cleaners
76,Industrial Cleaning Services,7606,Cleaning supplies and equipment,760602,Cleaning equipment,76060202,Floor scrubbers
76,Industrial Cleaning Services,7606,Cleaning supplies and equipment,760602,Cleaning equipment,76060203,Pressure washers
76,Industrial Cleaning Services,7606,Cleaning supplies and equipment,760602,Cleaning equipment,76060204,Steam cleaners
76,Industrial Cleaning Services,7606,Cleaning supplies and equipment,760603,Cleaning consumables,76060301,Mops and buckets
76,Industrial Cleaning Services,7606,Cleaning supplies and equipment,760603,Cleaning consumables,76060302,Microfibre cloths
76,Industrial Cleaning Services,7606,Cleaning supplies and equipment,760603,Cleaning consumables,76060303,Disposable gloves
76,Industrial Cleaning Services,7606,Cleaning supplies and equipment,760603,Cleaning consumables,76060304,Waste bin liners
51,Drugs and Pharmaceutical Products,5110,Pharmaceutical drugs,511011,Analgesics,51101101,Paracetamol tablets
51,Drugs and Pharmaceutical Products,5110,Pharmaceutical drugs,511011,Analgesics,51101102,Ibuprofen tablets
51,Drugs and Pharmaceutical Products,5110,Pharmaceutical drugs,511011,Analgesics,51101103,Aspirin tablets
51,Drugs and Pharmaceutical Products,5110,Pharmaceutical drugs,511011,Analgesics,51101104,Opioid analgesics
51,Drugs and Pharmaceutical Products,5110,Pharmaceutical drugs,511012,Antibiotics,51101201,Penicillin antibiotics
51,Drugs and Pharmaceutical Products,5110,Pharmaceutical drugs,511012,Antibiotics,51101202,Cephalosporin antibiotics
51,Drugs and Pharmaceutical Products,5110,Pharmaceutical drugs,511012,Antibiotics,51101203,Macrolide antibiotics
51,Drugs and Pharmaceutical Products,5110,Pharmaceutical drugs,511012,Antibiotics,51101204,Fluoroquinolone antibiotics
51,Drugs and Pharmaceutical Products,5110,Pharmaceutical drugs,511015,Cardiovascular drugs,51101501,Statins
51,Drugs and Pharmaceutical Products,5110,Pharmaceutical drugs,511015,Cardiovascular drugs,51101502,ACE inhibitors
51,Drugs and Pharmaceutical Products,5110,Pharmaceutical drugs,511015,Cardiovascular drugs,51101503,Beta blockers
51,Drugs and Pharmaceutical Products,5110,Pharmaceutical drugs,511015,Cardiovascular drugs,51101504,Antihypertensives
51,Drugs and Pharmaceutical Products,5110,Pharmaceutical drugs,511016,Vaccines,51101601,Influenza vaccines
51,Drugs and Pharmaceutical Products,5110,Pharmaceutical drugs,511016,Vaccines,51101602,COVID-19 vaccines
51,Drugs and Pharmaceutical Products,5110,Pharmaceutical drugs,511016,Vaccines,51101603,Hepatitis vaccines
51,Drugs and Pharmaceutical Products,5110,Pharmaceutical drugs,511016,Vaccines,51101604,Travel vaccines
51,Drugs and Pharmaceutical Products,5113,Medical laboratory supplies,511320,Diagnostic reagents,51132001,Blood glucose reagents
51,Drugs and Pharmaceutical Products,5113,Medical laboratory supplies,511320,Diagnostic reagents,51132002,PCR reagents
51,Drugs and Pharmaceutical Products,5113,Medical laboratory supplies,511320,Diagnostic reagents,51132003,Immunoassay reagents
51,Drugs and Pharmaceutical Products,5113,Medical laboratory supplies,511320,Diagnostic reagents,51132004,Culture media
51,Drugs and Pharmaceutical Products,5113,Medical laboratory supplies,511321,Laboratory consumables,51132101,Test tubes
51,Drugs and Pharmaceutical Products,5113,Medical laboratory supplies,511321,Laboratory consumables,51132102,Petri dishes
51,Drugs and Pharmaceutical Products,5113,Medical laboratory supplies,511321,Laboratory consumables,51132103,Pipette tips
51,Drugs and Pharmaceutical Products,5113,Medical laboratory supplies,511321,Laboratory consumables,51132104,Centrifuge tubes
50,Food Beverage and Tobacco Products,5010,Meat and poultry,501011,Beef products,50101101,Fresh beef
50,Food Beverage and Tobacco Products,5010,Meat and poultry,501011,Beef products,50101102,Frozen beef
50,Food Beverage and Tobacco Products,5010,Meat and poultry,501011,Beef products,50101103,Processed beef
50,Food Beverage and Tobacco Products,5010,Meat and poultry,501011,Beef products,50101104,Beef offal
50,Food Beverage and Tobacco Products,5010,Meat and poultry,501012,Poultry products,50101201,Fresh chicken
50,Food Beverage and Tobacco Products,5010,Meat and poultry,501012,Poultry products,50101202,Frozen chicken
50,Food Beverage and Tobacco Products,5010,Meat and poultry,501012,Poultry products,50101203,Turkey products
50,Food Beverage and Tobacco Products,5010,Meat and poultry,501012,Poultry products,50101204,Duck products
50,Food Beverage and Tobacco Products,5020,Beverages,502020,Non-alcoholic beverages,50202001,Bottled water
50,Food Beverage and Tobacco Products,5020,Beverages,502020,Non-alcoholic beverages,50202002,Carbonated soft drinks
50,Food Beverage and Tobacco Products,5020,Beverages,502020,Non-alcoholic beverages,50202003,Fruit juices
50,Food Beverage and Tobacco Products,5020,Beverages,502020,Non-alcoholic beverages,50202004,Energy drinks
50,Food Beverage and Tobacco Products,5020,Beverages,502021,Hot beverages,50202101,Coffee beans and grounds
50,Food Beverage and Tobacco Products,5020,Beverages,502021,Hot beverages,50202102,Tea bags
50,Food Beverage and Tobacco Products,5020,Beverages,502021,Hot beverages,50202103,Instant coffee
50,Food Beverage and Tobacco Products,5020,Beverages,502021,Hot beverages,50202104,Herbal teas
50,Food Beverage and Tobacco Products,5030,Grocery and dry goods,503012,Snack foods,50301201,Biscuits and cookies
50,Food Beverage and Tobacco Products,5030,Grocery and dry goods,503012,Snack foods,50301202,Chips and crisps
50,Food Beverage and Tobacco Products,5030,Grocery and dry goods,503012,Snack foods,50301203,Nuts and seeds
50,Food Beverage and Tobacco Products,5030,Grocery and dry goods,503012,Snack foods,50301204,Dried fruits
50,Food Beverage and Tobacco Products,5030,Grocery and dry goods,503013,Catering supplies,50301301,Disposable plates
50,Food Beverage and Tobacco Products,5030,Grocery and dry goods,503013,Catering supplies,50301302,Paper napkins
50,Food Beverage and Tobacco Products,5030,Grocery and dry goods,503013,Catering supplies,50301303,Disposable cutlery
50,Food Beverage and Tobacco Products,5030,Grocery and dry goods,503013,Catering supplies,50301304,Take-away containers
53,Apparel and Luggage and Personal Care Products,5310,Clothing,531011,Work wear and uniforms,53101101,High visibility vests
53,Apparel and Luggage and Personal Care Products,5310,Clothing,531011,Work wear and uniforms,53101102,Safety overalls
53,Apparel and Luggage and Personal Care Products,5310,Clothing,531011,Work wear and uniforms,53101103,Corporate uniforms
53,Apparel and Luggage and Personal Care Products,5310,Clothing,531011,Work wear and uniforms,53101104,Embroidered shirts
53,Apparel and Luggage and Personal Care Products,5310,Clothing,531012,Personal protective clothing,53101201,Safety boots
53,Apparel and Luggage and Personal Care Products,5310,Clothing,531012,Personal protective clothing,53101202,Hard hats
53,Apparel and Luggage and Personal Care Products,5310,Clothing,531012,Personal protective clothing,53101203,Safety gloves
53,Apparel and Luggage and Personal Care Products,5310,Clothing,531012,Personal protective clothing,53101204,Safety glasses
53,Apparel and Luggage and Personal Care Products,5312,Luggage,531215,Travel bags,53121501,Carry-on luggage
53,Apparel and Luggage and Personal Care Products,5312,Luggage,531215,Travel bags,53121502,Checked luggage
53,Apparel and Luggage and Personal Care Products,5312,Luggage,531215,Travel bags,53121503,Laptop bags
53,Apparel and Luggage and Personal Care Products,5312,Luggage,531215,Travel bags,53121504,Backpacks
53,Apparel and Luggage and Personal Care Products,5313,Personal care products,531315,Hygiene products,53131501,Hand soap dispensers
53,Apparel and Luggage and Personal Care Products,5313,Personal care products,531315,Hygiene products,53131502,Hand sanitiser
53,Apparel and Luggage and Personal Care Products,5313,Personal care products,531315,Hygiene products,53131503,Paper towels
53,Apparel and Luggage and Personal Care Products,5313,Personal care products,531315,Hygiene products,53131504,Toilet tissue
53,Apparel and Luggage and Personal Care Products,5313,Personal care products,531316,First aid supplies,53131601,First aid kits
53,Apparel and Luggage and Personal Care Products,5313,Personal care products,531316,First aid supplies,53131602,Bandages
53,Apparel and Luggage and Personal Care Products,5313,Personal care products,531316,First aid supplies,53131603,Antiseptic wipes
53,Apparel and Luggage and Personal Care Products,5313,Personal care products,531316,First aid supplies,53131604,Eye wash
73,Industrial Production and Manufacturing Services,7310,Production support services,731012,Quality control services,73101201,Inspection services
73,Industrial Production and Manufacturing Services,7310,Production support services,731012,Quality control services,73101202,Testing services
73,Industrial Production and Manufacturing Services,7310,Production support services,731012,Quality control services,73101203,Calibration services
73,Industrial Production and Manufacturing Services,7310,Production support services,731012,Quality control services,73101204,Non-destructive testing
73,Industrial Production and Manufacturing Services,7310,Production support services,731013,Contract manufacturing,73101301,Assembly services
73,Industrial Production and Manufacturing Services,7310,Production support services,731013,Contract manufacturing,73101302,Machining services
73,Industrial Production and Manufacturing Services,7310,Production support services,731013,Contract manufacturing,73101303,Fabrication services
73,Industrial Production and Manufacturing Services,7310,Production support services,731013,Contract manufacturing,73101304,Surface treatment
73,Industrial Production and Manufacturing Services,7311,Industrial machinery and equipment,731110,Material handling equipment,73111001,Forklifts
73,Industrial Production and Manufacturing Services,7311,Industrial machinery and equipment,731110,Material handling equipment,73111002,Pallet jacks
73,Industrial Production and Manufacturing Services,7311,Industrial machinery and equipment,731110,Material handling equipment,73111003,Conveyor systems
73,Industrial Production and Manufacturing Services,7311,Industrial machinery and equipment,731110,Material handling equipment,73111004,Overhead cranes
73,Industrial Production and Manufacturing Services,7311,Industrial machinery and equipment,731111,Power tools,73111101,Electric drills
73,Industrial Production and Manufacturing Services,7311,Industrial machinery and equipment,731111,Power tools,73111102,Angle grinders
73,Industrial Production and Manufacturing Services,7311,Industrial machinery and equipment,731111,Power tools,73111103,Impact wrenches
73,Industrial Production and Manufacturing Services,7311,Industrial machinery and equipment,731111,Power tools,73111104,Welding equipment
73,Industrial Production and Manufacturing Services,7312,Raw materials,731211,Metals,73121101,Steel plate
73,Industrial Production and Manufacturing Services,7312,Raw materials,731211,Metals,73121102,Aluminium sheet
73,Industrial Production and Manufacturing Services,7312,Raw materials,731211,Metals,73121103,Copper wire
73,Industrial Production and Manufacturing Services,7312,Raw materials,731211,Metals,73121104,Stainless steel pipe
73,Industrial Production and Manufacturing Services,7312,Raw materials,731212,Plastics and polymers,73121201,HDPE pellets
73,Industrial Production and Manufacturing Services,7312,Raw materials,731212,Plastics and polymers,73121202,PVC compounds
73,Industrial Production and Manufacturing Services,7312,Raw materials,731212,Plastics and polymers,73121203,Polyurethane foam
73,Industrial Production and Manufacturing Services,7312,Raw materials,731212,Plastics and polymers,73121204,Nylon granules
55,Published Products,5510,Printed publications,551012,Books and reference materials,55101201,Technical manuals
55,Published Products,5510,Printed publications,551012,Books and reference materials,55101202,Professional reference books
55,Published Products,5510,Printed publications,551012,Books and reference materials,55101203,Regulatory publications
55,Published Products,5510,Printed publications,551012,Books and reference materials,55101204,Training guides
55,Published Products,5510,Printed publications,551013,Periodicals,55101301,Trade journals
55,Published Products,5510,Printed publications,551013,Periodicals,55101302,Industry magazines
55,Published Products,5510,Printed publications,551013,Periodicals,55101303,Professional newsletters
55,Published Products,5510,Printed publications,551013,Periodicals,55101304,Annual reports
55,Published Products,5511,Electronic publications and media,551115,Online subscriptions,55111501,News and media subscriptions
55,Published Products,5511,Electronic publications and media,551115,Online subscriptions,55111502,Research database subscriptions
55,Published Products,5511,Electronic publications and media,551115,Online subscriptions,55111503,Standards subscriptions
55,Published Products,5511,Electronic publications and media,551115,Online subscriptions,55111504,E-learning subscriptions
55,Published Products,5511,Electronic publications and media,551116,Software documentation,55111601,Technical documentation sets
55,Published Products,5511,Electronic publications and media,551116,Software documentation,55111602,API documentation
55,Published Products,5511,Electronic publications and media,551116,Software documentation,55111603,User manuals
55,Published Products,5511,Electronic publications and media,551116,Software documentation,55111604,Quick reference cards
55,Published Products,5512,Maps and charts,551210,Digital maps,55121001,Geographic information systems
55,Published Products,5512,Maps and charts,551210,Digital maps,55121002,Navigation maps
55,Published Products,5512,Maps and charts,551210,Digital maps,55121003,Engineering drawings
55,Published Products,5512,Maps and charts,551210,Digital maps,55121004,Survey maps
44,Office Equipment and Accessories and Supplies,4414,Furniture,441411,Office furniture,44141101,Office desks
44,Office Equipment and Accessories and Supplies,4414,Furniture,441411,Office furniture,44141102,Office chairs
44,Office Equipment and Accessories and Supplies,4414,Furniture,441411,Office furniture,44141103,Filing cabinets
44,Office Equipment and Accessories and Supplies,4414,Furniture,441411,Office furniture,44141104,Bookshelves
44,Office Equipment and Accessories and Supplies,4414,Furniture,441411,Office furniture,44141105,Meeting tables
44,Office Equipment and Accessories and Supplies,4414,Furniture,441412,Reception and waiting furniture,44141201,Reception desks
44,Office Equipment and Accessories and Supplies,4414,Furniture,441412,Reception and waiting furniture,44141202,Waiting room chairs
44,Office Equipment and Accessories and Supplies,4414,Furniture,441412,Reception and waiting furniture,44141203,Coffee tables
44,Office Equipment and Accessories and Supplies,4414,Furniture,441412,Reception and waiting furniture,44141204,Coat stands
44,Office Equipment and Accessories and Supplies,4416,Audio visual equipment,441616,Video conferencing,44161601,Video conferencing systems
44,Office Equipment and Accessories and Supplies,4416,Audio visual equipment,441616,Video conferencing,44161602,Webcams
44,Office Equipment and Accessories and Supplies,4416,Audio visual equipment,441616,Video conferencing,44161603,Conference cameras
44,Office Equipment and Accessories and Supplies,4416,Audio visual equipment,441616,Video conferencing,44161604,Video bars
43,Information Technology Broadcasting and Telecommunications,4317,IT services,431712,Managed IT services,43171201,Managed helpdesk
43,Information Technology Broadcasting and Telecommunications,4317,IT services,431712,Managed IT services,43171202,Managed security
43,Information Technology Broadcasting and Telecommunications,4317,IT services,431712,Managed IT services,43171203,Managed backup
43,Information Technology Broadcasting and Telecommunications,4317,IT services,431712,Managed IT services,43171204,Device management
43,Information Technology Broadcasting and Telecommunications,4317,IT services,431713,IT support services,43171301,On-site IT support
43,Information Technology Broadcasting and Telecommunications,4317,IT services,431713,IT support services,43171302,Remote IT support
43,Information Technology Broadcasting and Telecommunications,4317,IT services,431713,IT support services,43171303,Break-fix services
43,Information Technology Broadcasting and Telecommunications,4317,IT services,431713,IT support services,43171304,IT project management
78,Transportation and Storage and Mail Services,7815,Travel and accommodation,781501,Accommodation services,78150101,Hotel accommodation
78,Transportation and Storage and Mail Services,7815,Travel and accommodation,781501,Accommodation services,78150102,Serviced apartments
78,Transportation and Storage and Mail Services,7815,Travel and accommodation,781501,Accommodation services,78150103,Conference accommodation
78,Transportation and Storage and Mail Services,7815,Travel and accommodation,781501,Accommodation services,78150104,Extended stay
78,Transportation and Storage and Mail Services,7815,Travel and accommodation,781502,Vehicle rental,78150201,Car rental
78,Transportation and Storage and Mail Services,7815,Travel and accommodation,781502,Vehicle rental,78150202,Van rental
78,Transportation and Storage and Mail Services,7815,Travel and accommodation,781502,Vehicle rental,78150203,Truck rental
78,Transportation and Storage and Mail Services,7815,Travel and accommodation,781502,Vehicle rental,78150204,Minibus rental
80,Management and Business Professionals and Administrative Services,8013,Business administration services,801317,Training and development services,80131701,Leadership training
80,Management and Business Professionals and Administrative Services,8013,Business administration services,801317,Training and development services,80131702,Technical training
80,Management and Business Professionals and Administrative Services,8013,Business administration services,801317,Training and development services,80131703,Compliance training
80,Management and Business Professionals and Administrative Services,8013,Business administration services,801317,Training and development services,80131704,Soft skills training
80,Management and Business Professionals and Administrative Services,8014,Security services,801415,Physical security,80141501,Guard services
80,Management and Business Professionals and Administrative Services,8014,Security services,801415,Physical security,80141502,Access control
80,Management and Business Professionals and Administrative Services,8014,Security services,801415,Physical security,80141503,CCTV monitoring
80,Management and Business Professionals and Administrative Services,8014,Security services,801415,Physical security,80141504,Alarm response
72,Building and Construction and Maintenance Services,7214,Waste management,721410,Waste collection,72141001,General waste collection
72,Building and Construction and Maintenance Services,7214,Waste management,721410,Waste collection,72141002,Recycling collection
72,Building and Construction and Maintenance Services,7214,Waste management,721410,Waste collection,72141003,Hazardous waste disposal
72,Building and Construction and Maintenance Services,7214,Waste management,721410,Waste collection,72141004,E-waste disposal
73,Industrial Production and Manufacturing Services,7313,Safety and PPE,731310,Personal protective equipment,73131001,Safety helmets
73,Industrial Production and Manufacturing Services,7313,Safety and PPE,731310,Personal protective equipment,73131002,Safety footwear
73,Industrial Production and Manufacturing Services,7313,Safety and PPE,731310,Personal protective equipment,73131003,High-vis clothing
73,Industrial Production and Manufacturing Services,7313,Safety and PPE,731310,Personal protective equipment,73131004,Respiratory protection
73,Industrial Production and Manufacturing Services,7313,Safety and PPE,731310,Personal protective equipment,73131005,Eye and face protection
80,Management and Business Professionals and Administrative Services,8015,Insurance services,801511,Business insurance,80151101,Public liability insurance
80,Management and Business Professionals and Administrative Services,8015,Insurance services,801511,Business insurance,80151102,Professional indemnity
80,Management and Business Professionals and Administrative Services,8015,Insurance services,801511,Business insurance,80151103,Workers compensation
80,Management and Business Professionals and Administrative Services,8015,Insurance services,801511,Business insurance,80151104,Property insurance
80,Management and Business Professionals and Administrative Services,8015,Insurance services,801511,Business insurance,80151105,Cyber insurance
81,Engineering and Research and Technology Based Services,8114,Environmental services,811411,Environmental consulting,81141101,Environmental impact assessment
81,Engineering and Research and Technology Based Services,8114,Environmental services,811411,Environmental consulting,81141102,Contamination assessment
81,Engineering and Research and Technology Based Services,8114,Environmental services,811411,Environmental consulting,81141103,Environmental monitoring
81,Engineering and Research and Technology Based Services,8114,Environmental services,811411,Environmental consulting,81141104,Remediation services
43,Information Technology Broadcasting and Telecommunications,4319,Printing services,431910,Digital printing,43191001,Large format printing
43,Information Technology Broadcasting and Telecommunications,4319,Printing services,431910,Digital printing,43191002,Business card printing
43,Information Technology Broadcasting and Telecommunications,4319,Printing services,431910,Digital printing,43191003,Brochure printing
43,Information Technology Broadcasting and Telecommunications,4319,Printing services,431910,Digital printing,43191004,Banner printing
43,Information Technology Broadcasting and Telecommunications,4319,Printing services,431910,Digital printing,43191005,Document printing services
50,Food Beverage and Tobacco Products,5031,Dairy products,503111,Milk and cream,50311101,Fresh full cream milk
50,Food Beverage and Tobacco Products,5031,Dairy products,503111,Milk and cream,50311102,Skim milk
50,Food Beverage and Tobacco Products,5031,Dairy products,503111,Milk and cream,50311103,Long life milk
50,Food Beverage and Tobacco Products,5031,Dairy products,503111,Milk and cream,50311104,Cream
50,Food Beverage and Tobacco Products,5031,Dairy products,503111,Milk and cream,50311105,Flavoured milk
78,Transportation and Storage and Mail Services,7816,Postal and courier services,781601,Document courier,78160101,Same day courier
78,Transportation and Storage and Mail Services,7816,Postal and courier services,781601,Document courier,78160102,Next day courier
78,Transportation and Storage and Mail Services,7816,Postal and courier services,781601,Document courier,78160103,International document courier
78,Transportation and Storage and Mail Services,7816,Postal and courier services,781601,Document courier,78160104,Registered post
78,Transportation and Storage and Mail Services,7816,Postal and courier services,781601,Document courier,78160105,Overnight express
51,Drugs and Pharmaceutical Products,5115,Medical equipment and supplies,511516,Medical diagnostic equipment,51151601,Blood pressure monitors
51,Drugs and Pharmaceutical Products,5115,Medical equipment and supplies,511516,Medical diagnostic equipment,51151602,Thermometers
51,Drugs and Pharmaceutical Products,5115,Medical equipment and supplies,511516,Medical diagnostic equipment,51151603,Oximeters
51,Drugs and Pharmaceutical Products,5115,Medical equipment and supplies,511516,Medical diagnostic equipment,51151604,Glucometers
51,Drugs and Pharmaceutical Products,5115,Medical equipment and supplies,511516,Medical diagnostic equipment,51151605,ECG machines
72,Building and Construction and Maintenance Services,7211,Building maintenance services,721116,Fire protection services,72111601,Fire extinguisher servicing
72,Building and Construction and Maintenance Services,7211,Building maintenance services,721116,Fire protection services,72111602,Fire alarm testing
72,Building and Construction and Maintenance Services,7211,Building maintenance services,721116,Fire protection services,72111603,Fire suppression maintenance
72,Building and Construction and Maintenance Services,7211,Building maintenance services,721116,Fire protection services,72111604,Emergency exit testing
53,Apparel and Luggage and Personal Care Products,5310,Clothing,531013,Footwear,53101301,Dress shoes
53,Apparel and Luggage and Personal Care Products,5310,Clothing,531013,Footwear,53101302,Casual shoes
53,Apparel and Luggage and Personal Care Products,5310,Clothing,531013,Footwear,53101303,Athletic shoes
53,Apparel and Luggage and Personal Care Products,5310,Clothing,531013,Footwear,53101304,Safety boots steel cap
55,Published Products,5513,Training and educational materials,551310,Training materials,55131001,Training workbooks
55,Published Products,5513,Training and educational materials,551310,Training materials,55131002,Presentation slides
55,Published Products,5513,Training and educational materials,551310,Training materials,55131003,Assessment materials
55,Published Products,5513,Training and educational materials,551310,Training materials,55131004,Course certificates
55,Published Products,5513,Training and educational materials,551310,Training materials,55131005,E-learning modules
44,Office Equipment and Accessories and Supplies,4415,Mailing supplies,441510,Mailing and packing materials,44151001,Cardboard boxes
44,Office Equipment and Accessories and Supplies,4415,Mailing supplies,441510,Mailing and packing materials,44151002,Bubble wrap
44,Office Equipment and Accessories and Supplies,4415,Mailing supplies,441510,Mailing and packing materials,44151003,Packing tape
44,Office Equipment and Accessories and Supplies,4415,Mailing supplies,441510,Mailing and packing materials,44151004,Padded envelopes
44,Office Equipment and Accessories and Supplies,4415,Mailing supplies,441510,Mailing and packing materials,44151005,Stretch wrap
44,Office Equipment and Accessories and Supplies,4415,Mailing supplies,441510,Mailing and packing materials,44151006,Cable ties
